sender,receiver
agent_0,agent_27
agent_0,agent_47
agent_2,agent_7
agent_6,agent_12
agent_7,agent_6
agent_7,agent_25
agent_8,agent_34
agent_8,agent_16
agent_10,agent_3
agent_10,agent_49
agent_11,agent_39
agent_14,agent_18
agent_14,agent_7
agent_18,agent_23
agent_19,agent_45
agent_19,agent_16
agent_23,agent_18
agent_24,agent_16
agent_24,agent_40
agent_26,agent_38
agent_26,agent_28
agent_28,agent_44
agent_28,agent_21
agent_29,agent_24
agent_29,agent_20
agent_32,agent_6
agent_35,agent_21
agent_37,agent_2
agent_39,agent_0
agent_39,agent_48
agent_40,agent_45
agent_41,agent_14
agent_41,agent_15
agent_42,agent_47
agent_43,agent_9
agent_43,agent_1
agent_44,agent_0
agent_46,agent_17
agent_47,agent_5
agent_47,agent_38
agent_48,agent_29
agent_49,agent_32
agent_49,agent_33
agent_1,agent_41
agent_1,agent_7
agent_2,agent_37
agent_2,agent_13
agent_4,agent_26
agent_5,agent_35
agent_7,agent_11
agent_8,agent_46
agent_9,agent_49
agent_9,agent_13
agent_13,agent_7
agent_15,agent_43
agent_16,agent_14
agent_17,agent_19
agent_17,agent_7
agent_18,agent_45
agent_19,agent_29
agent_20,agent_10
agent_21,agent_33
agent_21,agent_28
agent_23,agent_7
agent_25,agent_20
agent_26,agent_40
agent_28,agent_13
agent_30,agent_17
agent_30,agent_5
agent_31,agent_42
agent_31,agent_29
agent_33,agent_36
agent_35,agent_38
agent_35,agent_13
agent_36,agent_47
agent_36,agent_39
agent_37,agent_14
agent_37,agent_40
agent_39,agent_4
agent_40,agent_9
agent_40,agent_34
agent_41,agent_37
agent_43,agent_15
agent_43,agent_6
agent_44,agent_6
agent_44,agent_48
agent_45,agent_40
agent_45,agent_42
agent_46,agent_27
agent_0,agent_14
agent_0,agent_41
agent_1,agent_26
agent_3,agent_16
agent_3,agent_7
agent_4,agent_43
agent_4,agent_34
agent_5,agent_4
agent_5,agent_38
agent_7,agent_30
agent_7,agent_35
agent_8,agent_40
agent_9,agent_17
agent_10,agent_43
agent_11,agent_12
agent_11,agent_29
agent_13,agent_17
agent_13,agent_40
agent_15,agent_21
agent_17,agent_1
agent_21,agent_46
agent_23,agent_49
agent_24,agent_17
agent_25,agent_37
agent_26,agent_9
agent_27,agent_43
agent_28,agent_2
agent_28,agent_27
agent_29,agent_20
agent_30,agent_46
agent_32,agent_16
agent_32,agent_2
agent_33,agent_10
agent_34,agent_9
agent_34,agent_49
agent_38,agent_37
agent_38,agent_15
agent_39,agent_17
agent_39,agent_48
agent_40,agent_43
agent_40,agent_13
agent_43,agent_26
agent_43,agent_17
agent_44,agent_30
agent_46,agent_35
agent_46,agent_10
agent_47,agent_49
agent_47,agent_36
agent_0,agent_5
agent_1,agent_6
agent_1,agent_7
agent_2,agent_46
agent_2,agent_32
agent_4,agent_25
agent_5,agent_9
agent_6,agent_13
agent_6,agent_39
agent_9,agent_1
agent_9,agent_31
agent_11,agent_17
agent_12,agent_41
agent_12,agent_20
agent_13,agent_5
agent_15,agent_38
agent_15,agent_36
agent_17,agent_44
agent_17,agent_21
agent_20,agent_40
agent_20,agent_33
agent_22,agent_36
agent_22,agent_31
agent_26,agent_7
agent_26,agent_12
agent_27,agent_21
agent_28,agent_32
agent_29,agent_25
agent_29,agent_14
agent_30,agent_9
agent_30,agent_1
agent_31,agent_17
agent_32,agent_9
agent_32,agent_18
agent_33,agent_1
agent_35,agent_8
agent_36,agent_9
agent_36,agent_12
agent_37,agent_1
agent_37,agent_46
agent_39,agent_5
agent_39,agent_16
agent_41,agent_17
agent_41,agent_33
agent_44,agent_21
agent_45,agent_4
agent_47,agent_20
agent_47,agent_17
agent_48,agent_45
agent_48,agent_24
agent_49,agent_8
agent_49,agent_5
agent_0,agent_18
agent_1,agent_5
agent_1,agent_28
agent_4,agent_11
agent_5,agent_21
agent_5,agent_35
agent_8,agent_1
agent_8,agent_38
agent_10,agent_41
agent_10,agent_12
agent_11,agent_18
agent_11,agent_31
agent_12,agent_36
agent_12,agent_39
agent_13,agent_35
agent_14,agent_9
agent_14,agent_7
agent_15,agent_42
agent_15,agent_12
agent_17,agent_13
agent_17,agent_42
agent_19,agent_27
agent_19,agent_33
agent_22,agent_33
agent_22,agent_1
agent_24,agent_25
agent_24,agent_13
agent_25,agent_23
agent_25,agent_32
agent_27,agent_14
agent_30,agent_7
agent_33,agent_49
agent_33,agent_9
agent_34,agent_9
agent_35,agent_23
agent_36,agent_20
agent_36,agent_49
agent_39,agent_46
agent_42,agent_36
agent_42,agent_17
agent_43,agent_21
agent_44,agent_6
agent_45,agent_42
agent_45,agent_40
agent_47,agent_9
agent_49,agent_24
agent_49,agent_36
agent_2,agent_33
agent_2,agent_47
agent_3,agent_36
agent_3,agent_40
agent_4,agent_40
agent_6,agent_1
agent_9,agent_42
agent_9,agent_22
agent_10,agent_6
agent_10,agent_25
agent_11,agent_31
agent_11,agent_48
agent_12,agent_9
agent_12,agent_16
agent_14,agent_46
agent_15,agent_23
agent_19,agent_21
agent_20,agent_17
agent_20,agent_47
agent_21,agent_15
agent_21,agent_40
agent_22,agent_18
agent_22,agent_33
agent_23,agent_19
agent_24,agent_34
agent_25,agent_9
agent_25,agent_40
agent_26,agent_37
agent_27,agent_4
agent_29,agent_41
agent_31,agent_3
agent_31,agent_35
agent_32,agent_40
agent_32,agent_22
agent_33,agent_23
agent_34,agent_17
agent_36,agent_14
agent_37,agent_49
agent_38,agent_1
agent_39,agent_8
agent_41,agent_5
agent_41,agent_7
agent_42,agent_17
agent_42,agent_31
agent_43,agent_40
agent_44,agent_17
agent_44,agent_29
agent_45,agent_4
agent_45,agent_1
agent_46,agent_1
agent_48,agent_33
agent_48,agent_17
agent_49,agent_18
agent_49,agent_14
agent_0,agent_9
agent_1,agent_15
agent_1,agent_12
agent_2,agent_12
agent_3,agent_33
agent_3,agent_7
agent_4,agent_8
agent_5,agent_40
agent_6,agent_47
agent_8,agent_3
agent_8,agent_33
agent_9,agent_24
agent_9,agent_38
agent_12,agent_31
agent_13,agent_9
agent_15,agent_47
agent_18,agent_32
agent_19,agent_18
agent_19,agent_7
agent_20,agent_32
agent_20,agent_9
agent_22,agent_37
agent_23,agent_17
agent_23,agent_31
agent_28,agent_12
agent_30,agent_29
agent_30,agent_26
agent_31,agent_9
agent_32,agent_18
agent_32,agent_14
agent_35,agent_41
agent_35,agent_23
agent_37,agent_22
agent_37,agent_5
agent_38,agent_0
agent_38,agent_17
agent_39,agent_22
agent_39,agent_10
agent_43,agent_7
agent_44,agent_49
agent_46,agent_25
agent_47,agent_40
agent_48,agent_26
agent_48,agent_12
agent_49,agent_31
agent_49,agent_12
agent_1,agent_41
agent_2,agent_48
agent_3,agent_30
agent_3,agent_35
agent_4,agent_23
agent_4,agent_19
agent_5,agent_14
agent_6,agent_28
agent_8,agent_1
agent_9,agent_37
agent_11,agent_17
agent_13,agent_26
agent_13,agent_18
agent_14,agent_25
agent_15,agent_1
agent_15,agent_14
agent_17,agent_11
agent_17,agent_45
agent_18,agent_27
agent_18,agent_22
agent_19,agent_26
agent_19,agent_48
agent_20,agent_47
agent_20,agent_18
agent_21,agent_45
agent_21,agent_8
agent_22,agent_4
agent_22,agent_3
agent_23,agent_33
agent_23,agent_12
agent_24,agent_10
agent_24,agent_17
agent_25,agent_24
agent_25,agent_31
agent_27,agent_9
agent_28,agent_25
agent_29,agent_35
agent_29,agent_9
agent_31,agent_1
agent_32,agent_12
agent_32,agent_35
agent_33,agent_11
agent_33,agent_4
agent_36,agent_22
agent_36,agent_21
agent_37,agent_3
agent_38,agent_3
agent_39,agent_9
agent_39,agent_38
agent_40,agent_17
agent_40,agent_21
agent_41,agent_13
agent_43,agent_26
agent_44,agent_22
agent_46,agent_42
agent_47,agent_48
agent_47,agent_1
agent_48,agent_1
agent_48,agent_31
agent_49,agent_0
agent_49,agent_7
agent_1,agent_21
agent_2,agent_1
agent_2,agent_13
agent_3,agent_40
agent_3,agent_9
agent_5,agent_39
agent_5,agent_18
agent_6,agent_24
agent_10,agent_17
agent_10,agent_8
agent_11,agent_16
agent_13,agent_2
agent_13,agent_44
agent_14,agent_22
agent_15,agent_35
agent_15,agent_36
agent_16,agent_11
agent_16,agent_26
agent_17,agent_35
agent_20,agent_12
agent_21,agent_7
agent_21,agent_14
agent_22,agent_9
agent_22,agent_25
agent_23,agent_10
agent_24,agent_9
agent_24,agent_13
agent_26,agent_17
agent_26,agent_10
agent_27,agent_48
agent_27,agent_44
agent_29,agent_40
agent_30,agent_28
agent_30,agent_19
agent_32,agent_1
agent_33,agent_11
agent_34,agent_44
agent_34,agent_11
agent_35,agent_12
agent_36,agent_15
agent_38,agent_21
agent_40,agent_23
agent_41,agent_26
agent_43,agent_22
agent_44,agent_34
agent_44,agent_37
agent_46,agent_27
agent_47,agent_1
agent_47,agent_9
agent_0,agent_47
agent_0,agent_17
agent_3,agent_25
agent_4,agent_17
agent_4,agent_49
agent_5,agent_13
agent_6,agent_4
agent_8,agent_23
agent_8,agent_36
agent_10,agent_34
agent_10,agent_29
agent_11,agent_9
agent_12,agent_1
agent_13,agent_32
agent_13,agent_5
agent_14,agent_26
agent_14,agent_15
agent_15,agent_40
agent_17,agent_42
agent_18,agent_25
agent_19,agent_32
agent_20,agent_0
agent_21,agent_41
agent_21,agent_17
agent_23,agent_33
agent_23,agent_4
agent_27,agent_46
agent_27,agent_36
agent_30,agent_2
agent_31,agent_48
agent_32,agent_0
agent_32,agent_45
agent_34,agent_47
agent_35,agent_49
agent_35,agent_12
agent_36,agent_0
agent_36,agent_21
agent_37,agent_27
agent_37,agent_12
agent_39,agent_35
agent_39,agent_16
agent_40,agent_26
agent_42,agent_33
agent_43,agent_40
agent_43,agent_15
agent_44,agent_9
agent_44,agent_28
agent_45,agent_3
agent_46,agent_43
agent_0,agent_22
agent_2,agent_6
agent_2,agent_41
agent_3,agent_35
agent_7,agent_16
agent_7,agent_12
agent_9,agent_11
agent_9,agent_15
agent_10,agent_17
agent_10,agent_1
agent_12,agent_13
agent_13,agent_34
agent_13,agent_31
agent_14,agent_36
agent_14,agent_40
agent_16,agent_17
agent_17,agent_37
agent_17,agent_25
agent_19,agent_42
agent_19,agent_23
agent_22,agent_38
agent_24,agent_20
agent_25,agent_8
agent_25,agent_27
agent_29,agent_23
agent_29,agent_18
agent_30,agent_12
agent_30,agent_17
agent_31,agent_45
agent_31,agent_17
agent_32,agent_29
agent_33,agent_15
agent_34,agent_1
agent_36,agent_17
agent_36,agent_8
agent_37,agent_25
agent_37,agent_18
agent_38,agent_32
agent_40,agent_21
agent_40,agent_4
agent_42,agent_34
agent_42,agent_1
agent_46,agent_20
agent_46,agent_6
agent_47,agent_44
agent_47,agent_1
agent_48,agent_45
agent_49,agent_24
agent_0,agent_9
agent_0,agent_37
agent_1,agent_32
agent_2,agent_22
agent_2,agent_34
agent_3,agent_39
agent_6,agent_7
agent_7,agent_20
agent_8,agent_33
agent_8,agent_25
agent_9,agent_14
agent_9,agent_18
agent_10,agent_13
agent_11,agent_34
agent_11,agent_40
agent_12,agent_39
agent_12,agent_0
agent_13,agent_0
agent_16,agent_44
agent_16,agent_5
agent_17,agent_42
agent_17,agent_19
agent_18,agent_40
agent_23,agent_7
agent_26,agent_25
agent_26,agent_37
agent_27,agent_41
agent_27,agent_44
agent_28,agent_18
agent_30,agent_6
agent_31,agent_23
agent_31,agent_45
agent_32,agent_40
agent_33,agent_22
agent_33,agent_30
agent_34,agent_1
agent_34,agent_32
agent_36,agent_40
agent_38,agent_37
agent_39,agent_7
agent_39,agent_3
agent_40,agent_48
agent_41,agent_2
agent_44,agent_43
agent_44,agent_33
agent_45,agent_23
agent_46,agent_36
agent_47,agent_32
agent_48,agent_30
agent_48,agent_6
agent_49,agent_9
agent_49,agent_6
agent_1,agent_7
agent_1,agent_27
agent_2,agent_9
agent_7,agent_32
agent_7,agent_18
agent_9,agent_47
agent_10,agent_14
agent_11,agent_23
agent_11,agent_18
agent_14,agent_9
agent_16,agent_10
agent_16,agent_5
agent_17,agent_20
agent_18,agent_5
agent_18,agent_12
agent_20,agent_13
agent_22,agent_17
agent_24,agent_23
agent_25,agent_32
agent_25,agent_13
agent_26,agent_10
agent_26,agent_23
agent_29,agent_0
agent_29,agent_28
agent_30,agent_12
agent_31,agent_43
agent_32,agent_15
agent_33,agent_13
agent_34,agent_5
agent_34,agent_37
agent_36,agent_48
agent_38,agent_11
agent_39,agent_38
agent_40,agent_45
agent_42,agent_36
agent_43,agent_9
agent_43,agent_38
agent_44,agent_1
agent_45,agent_23
agent_46,agent_43
agent_48,agent_33
agent_49,agent_24
agent_49,agent_18
agent_0,agent_15
agent_0,agent_21
agent_1,agent_0
agent_1,agent_27
agent_2,agent_32
agent_2,agent_46
agent_5,agent_31
agent_5,agent_33
agent_7,agent_19
agent_7,agent_15
agent_8,agent_17
agent_8,agent_15
agent_9,agent_46
agent_9,agent_37
agent_12,agent_20
agent_13,agent_12
agent_13,agent_25
agent_18,agent_7
agent_18,agent_27
agent_19,agent_10
agent_19,agent_45
agent_20,agent_32
agent_20,agent_16
agent_21,agent_1
agent_22,agent_3
agent_22,agent_19
agent_23,agent_34
agent_24,agent_37
agent_26,agent_34
agent_26,agent_5
agent_27,agent_38
agent_27,agent_7
agent_28,agent_9
agent_28,agent_1
agent_30,agent_15
agent_30,agent_33
agent_31,agent_46
agent_32,agent_7
agent_33,agent_22
agent_34,agent_7
agent_35,agent_49
agent_37,agent_17
agent_37,agent_43
agent_38,agent_34
agent_38,agent_23
agent_39,agent_7
agent_41,agent_27
agent_41,agent_7
agent_42,agent_18
agent_42,agent_17
agent_43,agent_15
agent_43,agent_1
agent_44,agent_6
agent_44,agent_33
agent_45,agent_23
agent_49,agent_22
agent_0,agent_21
agent_0,agent_9
agent_1,agent_34
agent_1,agent_45
agent_3,agent_28
agent_3,agent_19
agent_4,agent_27
agent_4,agent_40
agent_6,agent_41
agent_7,agent_15
agent_7,agent_36
agent_8,agent_25
agent_9,agent_22
agent_9,agent_1
agent_10,agent_40
agent_12,agent_17
agent_12,agent_16
agent_14,agent_47
agent_15,agent_20
agent_15,agent_21
agent_19,agent_4
agent_19,agent_24
agent_20,agent_38
agent_21,agent_47
agent_21,agent_10
agent_22,agent_25
agent_22,agent_8
agent_23,agent_5
agent_24,agent_29
agent_24,agent_30
agent_25,agent_11
agent_25,agent_40
agent_26,agent_46
agent_27,agent_38
agent_27,agent_18
agent_29,agent_28
agent_30,agent_21
agent_30,agent_17
agent_31,agent_26
agent_32,agent_45
agent_33,agent_29
agent_33,agent_22
agent_35,agent_15
agent_35,agent_47
agent_38,agent_30
agent_40,agent_22
agent_42,agent_36
agent_42,agent_0
agent_44,agent_19
agent_45,agent_1
agent_46,agent_29
agent_46,agent_14
agent_47,agent_33
agent_47,agent_1
agent_48,agent_15
agent_48,agent_2
agent_49,agent_23
agent_0,agent_49
agent_1,agent_15
agent_1,agent_25
agent_2,agent_1
agent_2,agent_33
agent_4,agent_18
agent_6,agent_1
agent_6,agent_25
agent_7,agent_31
agent_8,agent_14
agent_8,agent_0
agent_9,agent_29
agent_10,agent_44
agent_10,agent_38
agent_14,agent_38
agent_14,agent_1
agent_15,agent_40
agent_15,agent_10
agent_16,agent_7
agent_17,agent_38
agent_17,agent_4
agent_18,agent_4
agent_20,agent_9
agent_20,agent_28
agent_21,agent_38
agent_21,agent_27
agent_23,agent_7
agent_23,agent_5
agent_25,agent_12
agent_26,agent_25
agent_26,agent_42
agent_28,agent_34
agent_31,agent_34
agent_31,agent_9
agent_32,agent_42
agent_35,agent_12
agent_35,agent_17
agent_39,agent_29
agent_40,agent_21
agent_40,agent_46
agent_41,agent_40
agent_42,agent_32
agent_44,agent_33
agent_45,agent_38
agent_47,agent_29
agent_0,agent_5
agent_2,agent_32
agent_2,agent_24
agent_3,agent_49
agent_5,agent_34
agent_5,agent_29
agent_6,agent_7
agent_6,agent_2
agent_7,agent_49
agent_7,agent_25
agent_9,agent_44
agent_9,agent_26
agent_10,agent_20
agent_10,agent_43
agent_12,agent_22
agent_14,agent_36
agent_14,agent_16
agent_16,agent_27
agent_16,agent_5
agent_18,agent_33
agent_19,agent_27
agent_24,agent_36
agent_24,agent_38
agent_25,agent_12
agent_26,agent_36
agent_27,agent_42
agent_28,agent_44
agent_28,agent_19
agent_33,agent_1
agent_35,agent_42
agent_36,agent_20
agent_36,agent_42
agent_37,agent_24
agent_40,agent_47
agent_40,agent_5
agent_43,agent_13
agent_44,agent_4
agent_44,agent_21
agent_45,agent_35
agent_46,agent_18
agent_46,agent_2
agent_47,agent_23
agent_47,agent_11
agent_48,agent_9
agent_48,agent_18
agent_49,agent_46
agent_49,agent_1
agent_1,agent_13
agent_1,agent_30
agent_2,agent_9
agent_2,agent_22
agent_6,agent_23
agent_6,agent_17
agent_7,agent_32
agent_7,agent_40
agent_8,agent_5
agent_8,agent_37
agent_9,agent_35
agent_9,agent_20
agent_10,agent_23
agent_10,agent_0
agent_11,agent_40
agent_11,agent_19
agent_13,agent_11
agent_14,agent_39
agent_15,agent_14
agent_15,agent_1
agent_16,agent_13
agent_16,agent_47
agent_19,agent_48
agent_20,agent_28
agent_20,agent_48
agent_21,agent_15
agent_21,agent_1
agent_23,agent_26
agent_24,agent_30
agent_24,agent_18
agent_25,agent_14
agent_25,agent_12
agent_27,agent_25
agent_31,agent_33
agent_32,agent_0
agent_32,agent_45
agent_33,agent_12
agent_33,agent_22
agent_34,agent_25
agent_35,agent_6
agent_35,agent_40
agent_36,agent_9
agent_36,agent_41
agent_38,agent_28
agent_38,agent_31
agent_40,agent_10
agent_41,agent_13
agent_41,agent_10
agent_42,agent_27
agent_42,agent_9
agent_43,agent_32
agent_43,agent_30
agent_44,agent_1
agent_45,agent_5
agent_45,agent_11
agent_47,agent_9
agent_48,agent_14
agent_48,agent_11
agent_49,agent_3
agent_49,agent_20
agent_2,agent_26
agent_3,agent_48
agent_3,agent_21
agent_4,agent_16
agent_4,agent_3
agent_5,agent_49
agent_5,agent_28
agent_7,agent_13
agent_8,agent_35
agent_8,agent_1
agent_10,agent_31
agent_12,agent_25
agent_12,agent_3
agent_14,agent_29
agent_16,agent_15
agent_16,agent_18
agent_18,agent_24
agent_18,agent_26
agent_20,agent_10
agent_20,agent_16
agent_22,agent_44
agent_23,agent_7
agent_23,agent_32
agent_26,agent_33
agent_26,agent_17
agent_28,agent_22
agent_30,agent_32
agent_30,agent_5
agent_32,agent_10
agent_32,agent_43
agent_34,agent_29
agent_35,agent_13
agent_36,agent_34
agent_37,agent_19
agent_37,agent_47
agent_38,agent_9
agent_39,agent_2
agent_40,agent_37
agent_41,agent_21
agent_41,agent_14
agent_42,agent_1
agent_42,agent_17
agent_43,agent_40
agent_45,agent_40
agent_46,agent_25
agent_48,agent_24
agent_0,agent_32
agent_0,agent_33
agent_1,agent_19
agent_2,agent_28
agent_3,agent_38
agent_3,agent_22
agent_4,agent_37
agent_4,agent_19
agent_5,agent_43
agent_5,agent_2
agent_6,agent_24
agent_6,agent_27
agent_8,agent_34
agent_9,agent_41
agent_11,agent_7
agent_12,agent_16
agent_12,agent_46
agent_13,agent_14
agent_13,agent_32
agent_15,agent_23
agent_16,agent_39
agent_18,agent_41
agent_18,agent_8
agent_20,agent_4
agent_20,agent_12
agent_23,agent_18
agent_25,agent_1
agent_26,agent_25
agent_27,agent_15
agent_27,agent_19
agent_28,agent_39
agent_28,agent_22
agent_30,agent_40
agent_31,agent_33
agent_31,agent_44
agent_32,agent_15
agent_33,agent_43
agent_34,agent_42
agent_34,agent_46
agent_36,agent_25
agent_37,agent_18
agent_38,agent_43
agent_38,agent_17
agent_39,agent_35
agent_39,agent_42
agent_41,agent_14
agent_41,agent_8
agent_42,agent_49
agent_42,agent_28
agent_43,agent_2
agent_43,agent_18
agent_44,agent_4
agent_45,agent_35
agent_45,agent_5
agent_47,agent_17
agent_48,agent_43
agent_48,agent_3
agent_49,agent_31
agent_0,agent_44
agent_0,agent_7
agent_2,agent_9
agent_2,agent_22
agent_3,agent_18
agent_5,agent_14
agent_5,agent_32
agent_7,agent_23
agent_7,agent_0
agent_9,agent_20
agent_9,agent_0
agent_10,agent_24
agent_12,agent_40
agent_12,agent_21
agent_13,agent_32
agent_13,agent_40
agent_14,agent_4
agent_15,agent_26
agent_15,agent_37
agent_16,agent_18
agent_17,agent_29
agent_19,agent_17
agent_20,agent_5
agent_20,agent_41
agent_21,agent_25
agent_21,agent_9
agent_23,agent_18
agent_24,agent_13
agent_26,agent_5
agent_27,agent_40
agent_27,agent_28
agent_31,agent_5
agent_32,agent_27
agent_32,agent_5
agent_34,agent_24
agent_34,agent_43
agent_35,agent_21
agent_35,agent_48
agent_36,agent_18
agent_39,agent_3
agent_42,agent_11
agent_42,agent_38
agent_44,agent_14
agent_45,agent_47
agent_45,agent_19
agent_47,agent_45
agent_47,agent_5
agent_49,agent_3
agent_49,agent_46
agent_0,agent_15
agent_0,agent_44
agent_1,agent_26
agent_2,agent_33
agent_2,agent_1
agent_3,agent_43
agent_8,agent_41
agent_9,agent_6
agent_10,agent_32
agent_10,agent_35
agent_11,agent_36
agent_11,agent_9
agent_12,agent_25
agent_15,agent_0
agent_15,agent_47
agent_16,agent_4
agent_17,agent_0
agent_17,agent_12
agent_19,agent_28
agent_20,agent_46
agent_20,agent_40
agent_21,agent_43
agent_21,agent_24
agent_22,agent_16
agent_24,agent_7
agent_24,agent_13
agent_25,agent_21
agent_26,agent_10
agent_27,agent_35
agent_30,agent_9
agent_31,agent_17
agent_31,agent_12
agent_32,agent_7
agent_32,agent_46
agent_33,agent_23
agent_35,agent_1
agent_38,agent_24
agent_39,agent_7
agent_40,agent_23
agent_40,agent_31
agent_43,agent_22
agent_44,agent_40
agent_44,agent_47
agent_45,agent_11
agent_46,agent_3
agent_46,agent_33
agent_47,agent_17
agent_49,agent_39
agent_0,agent_18
agent_3,agent_43
agent_3,agent_29
agent_4,agent_44
agent_5,agent_16
agent_8,agent_31
agent_8,agent_40
agent_10,agent_7
agent_10,agent_18
agent_11,agent_28
agent_11,agent_47
agent_14,agent_19
agent_15,agent_7
agent_16,agent_21
agent_16,agent_5
agent_19,agent_20
agent_19,agent_45
agent_21,agent_13
agent_23,agent_6
agent_24,agent_9
agent_25,agent_27
agent_25,agent_28
agent_27,agent_38
agent_27,agent_14
agent_28,agent_9
agent_28,agent_12
agent_29,agent_37
agent_30,agent_20
agent_30,agent_10
agent_31,agent_7
agent_31,agent_23
agent_32,agent_17
agent_33,agent_42
agent_35,agent_11
agent_35,agent_6
agent_37,agent_29
agent_37,agent_35
agent_39,agent_15
agent_39,agent_30
agent_40,agent_44
agent_40,agent_0
agent_41,agent_36
agent_42,agent_37
agent_42,agent_46
agent_43,agent_23
agent_43,agent_13
agent_44,agent_1
agent_44,agent_0
agent_45,agent_43
agent_45,agent_22
agent_48,agent_28
agent_1,agent_11
agent_1,agent_41
agent_2,agent_1
agent_2,agent_0
agent_3,agent_13
agent_3,agent_14
agent_4,agent_5
agent_5,agent_7
agent_5,agent_8
agent_6,agent_27
agent_6,agent_5
agent_7,agent_14
agent_8,agent_10
agent_9,agent_6
agent_10,agent_49
agent_10,agent_29
agent_11,agent_36
agent_11,agent_0
agent_12,agent_21
agent_13,agent_15
agent_13,agent_0
agent_14,agent_21
agent_15,agent_18
agent_16,agent_35
agent_16,agent_4
agent_18,agent_12
agent_18,agent_3
agent_20,agent_35
agent_20,agent_7
agent_21,agent_38
agent_22,agent_12
agent_23,agent_38
agent_28,agent_48
agent_28,agent_32
agent_29,agent_47
agent_31,agent_9
agent_32,agent_25
agent_32,agent_12
agent_33,agent_4
agent_34,agent_22
agent_37,agent_1
agent_38,agent_8
agent_38,agent_27
agent_39,agent_31
agent_40,agent_4
agent_40,agent_32
agent_41,agent_7
agent_41,agent_6
agent_43,agent_11
agent_45,agent_7
agent_45,agent_40
agent_46,agent_43
agent_48,agent_20
agent_48,agent_38
agent_49,agent_24
agent_49,agent_16
agent_2,agent_29
agent_4,agent_40
agent_4,agent_20
agent_6,agent_40
agent_6,agent_46
agent_7,agent_26
agent_8,agent_33
agent_8,agent_9
agent_11,agent_5
agent_14,agent_35
agent_15,agent_41
agent_16,agent_1
agent_16,agent_7
agent_19,agent_6
agent_20,agent_4
agent_21,agent_5
agent_21,agent_25
agent_22,agent_10
agent_23,agent_4
agent_26,agent_24
agent_27,agent_0
agent_28,agent_34
agent_29,agent_0
agent_29,agent_38
agent_31,agent_2
agent_32,agent_28
agent_32,agent_3
agent_33,agent_13
agent_34,agent_17
agent_36,agent_46
agent_36,agent_9
agent_37,agent_6
agent_38,agent_20
agent_38,agent_24
agent_40,agent_44
agent_40,agent_14
agent_42,agent_7
agent_42,agent_28
agent_43,agent_5
agent_44,agent_10
agent_44,agent_41
agent_45,agent_39
agent_47,agent_33
agent_48,agent_23
agent_49,agent_8
agent_49,agent_2
agent_1,agent_40
agent_1,agent_19
agent_3,agent_8
agent_3,agent_27
agent_4,agent_49
agent_10,agent_46
agent_11,agent_24
agent_12,agent_47
agent_14,agent_16
agent_15,agent_41
agent_16,agent_45
agent_19,agent_38
agent_21,agent_45
agent_24,agent_7
agent_24,agent_20
agent_28,agent_24
agent_28,agent_43
agent_29,agent_15
agent_29,agent_40
agent_30,agent_37
agent_31,agent_42
agent_31,agent_3
agent_32,agent_28
agent_35,agent_24
agent_38,agent_28
agent_38,agent_46
agent_40,agent_7
agent_40,agent_30
agent_43,agent_37
agent_43,agent_40
agent_44,agent_36
agent_44,agent_47
agent_45,agent_28
agent_45,agent_13
agent_48,agent_26
agent_48,agent_10
agent_49,agent_30
agent_0,agent_1
agent_0,agent_27
agent_1,agent_46
agent_2,agent_16
agent_2,agent_18
agent_3,agent_38
agent_3,agent_17
agent_4,agent_49
agent_7,agent_25
agent_7,agent_16
agent_8,agent_46
agent_12,agent_7
agent_12,agent_46
agent_16,agent_25
agent_18,agent_26
agent_19,agent_11
agent_20,agent_40
agent_20,agent_36
agent_22,agent_42
agent_22,agent_40
agent_23,agent_31
agent_25,agent_46
agent_27,agent_1
agent_28,agent_37
agent_31,agent_49
agent_32,agent_38
agent_33,agent_17
agent_33,agent_41
agent_34,agent_47
agent_39,agent_13
agent_39,agent_1
agent_40,agent_33
agent_41,agent_14
agent_42,agent_11
agent_42,agent_32
agent_43,agent_36
agent_43,agent_48
agent_46,agent_40
agent_46,agent_22
agent_47,agent_20
agent_47,agent_15
agent_48,agent_21
agent_49,agent_40
agent_0,agent_32
agent_0,agent_47
agent_1,agent_40
agent_2,agent_23
agent_2,agent_1
agent_3,agent_16
agent_3,agent_4
agent_4,agent_1
agent_4,agent_36
agent_5,agent_35
agent_7,agent_3
agent_9,agent_20
agent_9,agent_14
agent_11,agent_34
agent_12,agent_42
agent_12,agent_40
agent_13,agent_23
agent_15,agent_13
agent_16,agent_7
agent_17,agent_39
agent_22,agent_7
agent_23,agent_16
agent_23,agent_1
agent_24,agent_40
agent_26,agent_8
agent_27,agent_6
agent_27,agent_42
agent_28,agent_9
agent_28,agent_3
agent_29,agent_30
agent_29,agent_13
agent_34,agent_49
agent_34,agent_35
agent_35,agent_30
agent_36,agent_16
agent_36,agent_10
agent_40,agent_15
agent_40,agent_46
agent_41,agent_4
agent_44,agent_13
agent_47,agent_20
agent_48,agent_47
agent_48,agent_10
agent_1,agent_24
agent_5,agent_27
agent_5,agent_40
agent_6,agent_29
agent_6,agent_1
agent_7,agent_38
agent_7,agent_18
agent_8,agent_46
agent_9,agent_22
agent_12,agent_8
agent_16,agent_44
agent_17,agent_7
agent_17,agent_8
agent_19,agent_44
agent_21,agent_1
agent_22,agent_20
agent_23,agent_8
agent_24,agent_30
agent_25,agent_31
agent_26,agent_28
agent_28,agent_26
agent_29,agent_40
agent_29,agent_42
agent_30,agent_15
agent_32,agent_8
agent_34,agent_43
agent_34,agent_23
agent_35,agent_45
agent_36,agent_43
agent_36,agent_29
agent_37,agent_29
agent_38,agent_13
agent_38,agent_18
agent_40,agent_12
agent_41,agent_5
agent_41,agent_19
agent_43,agent_4
agent_44,agent_1
agent_46,agent_18
agent_46,agent_39
agent_47,agent_4
agent_0,agent_47
agent_0,agent_37
agent_1,agent_17
agent_1,agent_5
agent_3,agent_8
agent_4,agent_13
agent_4,agent_5
agent_5,agent_19
agent_6,agent_16
agent_6,agent_27
agent_7,agent_14
agent_7,agent_3
agent_8,agent_27
agent_8,agent_28
agent_9,agent_23
agent_9,agent_30
agent_10,agent_9
agent_10,agent_40
agent_12,agent_7
agent_12,agent_1
agent_14,agent_44
agent_15,agent_6
agent_17,agent_36
agent_17,agent_48
agent_18,agent_27
agent_18,agent_32
agent_19,agent_14
agent_19,agent_43
agent_21,agent_9
agent_21,agent_12
agent_22,agent_29
agent_22,agent_24
agent_24,agent_13
agent_25,agent_21
agent_25,agent_32
agent_26,agent_6
agent_27,agent_4
agent_27,agent_40
agent_28,agent_39
agent_30,agent_44
agent_31,agent_25
agent_31,agent_44
agent_32,agent_15
agent_32,agent_38
agent_35,agent_24
agent_36,agent_9
agent_38,agent_43
agent_38,agent_40
agent_39,agent_24
agent_40,agent_19
agent_40,agent_1
agent_41,agent_16
agent_41,agent_1
agent_42,agent_17
agent_42,agent_26
agent_43,agent_7
agent_43,agent_12
agent_44,agent_25
agent_45,agent_42
agent_45,agent_9
agent_46,agent_40
agent_48,agent_22
agent_48,agent_40
agent_49,agent_38
agent_49,agent_20
agent_0,agent_29
agent_0,agent_23
agent_2,agent_17
agent_2,agent_16
agent_3,agent_13
agent_5,agent_26
agent_5,agent_1
agent_6,agent_37
agent_7,agent_23
agent_8,agent_1
agent_8,agent_17
agent_9,agent_10
agent_9,agent_23
agent_11,agent_46
agent_12,agent_8
agent_13,agent_44
agent_13,agent_45
agent_14,agent_2
agent_17,agent_31
agent_18,agent_45
agent_18,agent_47
agent_19,agent_47
agent_19,agent_25
agent_20,agent_0
agent_20,agent_38
agent_21,agent_18
agent_22,agent_25
agent_22,agent_16
agent_24,agent_9
agent_25,agent_36
agent_25,agent_21
agent_27,agent_34
agent_27,agent_6
agent_29,agent_18
agent_29,agent_20
agent_31,agent_36
agent_31,agent_5
agent_34,agent_31
agent_36,agent_31
agent_36,agent_44
agent_38,agent_31
agent_39,agent_17
agent_42,agent_32
agent_42,agent_1
agent_43,agent_2
agent_44,agent_36
agent_44,agent_13
agent_46,agent_5
agent_46,agent_33
agent_48,agent_9
agent_48,agent_35
agent_49,agent_47
agent_0,agent_46
agent_0,agent_40
agent_2,agent_30
agent_4,agent_14
agent_4,agent_0
agent_5,agent_32
agent_5,agent_36
agent_6,agent_40
agent_7,agent_1
agent_7,agent_40
agent_8,agent_30
agent_9,agent_47
agent_9,agent_25
agent_11,agent_2
agent_13,agent_10
agent_15,agent_6
agent_15,agent_10
agent_17,agent_40
agent_18,agent_34
agent_18,agent_35
agent_19,agent_17
agent_19,agent_16
agent_20,agent_14
agent_20,agent_15
agent_21,agent_37
agent_22,agent_40
agent_23,agent_38
agent_23,agent_27
agent_25,agent_4
agent_25,agent_17
agent_27,agent_24
agent_27,agent_26
agent_28,agent_2
agent_31,agent_42
agent_32,agent_18
agent_33,agent_9
agent_33,agent_39
agent_34,agent_47
agent_36,agent_11
agent_37,agent_25
agent_37,agent_38
agent_38,agent_2
agent_38,agent_18
agent_40,agent_20
agent_41,agent_38
agent_41,agent_35
agent_42,agent_7
agent_42,agent_12
agent_44,agent_24
agent_45,agent_43
agent_47,agent_20
agent_48,agent_32
agent_49,agent_41
agent_49,agent_47
agent_0,agent_29
agent_0,agent_40
agent_3,agent_32
agent_3,agent_18
agent_4,agent_7
agent_4,agent_2
agent_5,agent_28
agent_5,agent_9
agent_7,agent_18
agent_7,agent_14
agent_8,agent_9
agent_11,agent_40
agent_11,agent_17
agent_12,agent_34
agent_12,agent_18
agent_13,agent_43
agent_13,agent_36
agent_14,agent_12
agent_14,agent_15
agent_15,agent_1
agent_15,agent_23
agent_16,agent_11
agent_16,agent_34
agent_18,agent_5
agent_18,agent_23
agent_20,agent_13
agent_21,agent_14
agent_21,agent_19
agent_22,agent_40
agent_23,agent_40
agent_24,agent_18
agent_29,agent_37
agent_29,agent_4
agent_30,agent_18
agent_30,agent_36
agent_31,agent_25
agent_31,agent_33
agent_35,agent_0
agent_35,agent_10
agent_36,agent_49
agent_38,agent_9
agent_39,agent_9
agent_42,agent_32
agent_42,agent_1
agent_43,agent_7
agent_43,agent_8
agent_44,agent_29
agent_45,agent_47
agent_45,agent_13
agent_46,agent_13
agent_49,agent_12
agent_49,agent_35
agent_2,agent_4
agent_4,agent_11
agent_6,agent_36
agent_7,agent_44
agent_8,agent_16
agent_9,agent_13
agent_10,agent_1
agent_10,agent_23
agent_12,agent_40
agent_12,agent_7
agent_13,agent_3
agent_16,agent_27
agent_16,agent_8
agent_17,agent_20
agent_17,agent_48
agent_18,agent_16
agent_20,agent_7
agent_22,agent_9
agent_22,agent_15
agent_23,agent_17
agent_24,agent_18
agent_24,agent_17
agent_25,agent_45
agent_26,agent_47
agent_27,agent_5
agent_27,agent_33
agent_28,agent_6
agent_29,agent_44
agent_30,agent_37
agent_30,agent_0
agent_31,agent_43
agent_32,agent_7
agent_34,agent_23
agent_35,agent_10
agent_36,agent_40
agent_36,agent_8
agent_37,agent_4
agent_37,agent_39
agent_38,agent_12
agent_40,agent_30
agent_41,agent_11
agent_43,agent_40
agent_43,agent_30
agent_44,agent_16
agent_47,agent_35
agent_1,agent_24
agent_1,agent_44
agent_2,agent_34
agent_2,agent_38
agent_3,agent_8
agent_4,agent_1
agent_4,agent_9
agent_5,agent_33
agent_5,agent_34
agent_7,agent_1
agent_8,agent_41
agent_9,agent_5
agent_9,agent_21
agent_12,agent_36
agent_13,agent_6
agent_14,agent_15
agent_14,agent_32
agent_15,agent_12
agent_16,agent_43
agent_16,agent_28
agent_18,agent_33
agent_19,agent_17
agent_19,agent_7
agent_20,agent_9
agent_20,agent_16
agent_22,agent_23
agent_22,agent_7
agent_24,agent_33
agent_24,agent_19
agent_25,agent_10
agent_26,agent_5
agent_26,agent_46
agent_27,agent_42
agent_28,agent_34
agent_31,agent_27
agent_31,agent_23
agent_32,agent_18
agent_34,agent_9
agent_35,agent_19
agent_35,agent_25
agent_36,agent_40
agent_36,agent_29
agent_37,agent_29
agent_37,agent_26
agent_41,agent_7
agent_41,agent_9
agent_43,agent_14
agent_46,agent_43
agent_47,agent_1
agent_47,agent_36
agent_48,agent_4
agent_48,agent_22
agent_49,agent_32
agent_49,agent_40
agent_0,agent_1
agent_0,agent_40
agent_1,agent_0
agent_3,agent_13
agent_3,agent_14
agent_4,agent_44
agent_5,agent_11
agent_5,agent_47
agent_6,agent_35
agent_8,agent_44
agent_9,agent_15
agent_9,agent_49
agent_10,agent_14
agent_11,agent_2
agent_11,agent_22
agent_13,agent_1
agent_15,agent_23
agent_17,agent_29
agent_18,agent_38
agent_19,agent_13
agent_22,agent_15
agent_23,agent_17
agent_23,agent_48
agent_24,agent_10
agent_24,agent_3
agent_25,agent_27
agent_25,agent_17
agent_26,agent_34
agent_26,agent_40
agent_29,agent_32
agent_30,agent_10
agent_30,agent_14
agent_31,agent_29
agent_31,agent_25
agent_32,agent_28
agent_33,agent_49
agent_33,agent_12
agent_34,agent_42
agent_35,agent_43
agent_35,agent_47
agent_36,agent_6
agent_36,agent_40
agent_37,agent_44
agent_37,agent_4
agent_38,agent_17
agent_39,agent_1
agent_40,agent_18
agent_41,agent_48
agent_44,agent_9
agent_45,agent_37
agent_45,agent_13
agent_46,agent_26
agent_46,agent_45
agent_47,agent_40
agent_48,agent_39
agent_49,agent_17
agent_1,agent_46
agent_1,agent_16
agent_6,agent_23
agent_7,agent_42
agent_8,agent_26
agent_10,agent_11
agent_11,agent_19
agent_11,agent_25
agent_13,agent_26
agent_14,agent_4
agent_14,agent_20
agent_15,agent_12
agent_15,agent_40
agent_17,agent_13
agent_18,agent_21
agent_18,agent_45
agent_21,agent_29
agent_22,agent_39
agent_23,agent_7
agent_23,agent_1
agent_24,agent_33
agent_25,agent_41
agent_25,agent_14
agent_29,agent_18
agent_30,agent_19
agent_30,agent_18
agent_31,agent_32
agent_32,agent_38
agent_34,agent_17
agent_34,agent_1
agent_36,agent_32
agent_36,agent_13
agent_37,agent_9
agent_38,agent_7
agent_39,agent_9
agent_40,agent_14
agent_40,agent_37
agent_41,agent_17
agent_41,agent_29
agent_43,agent_20
agent_44,agent_35
agent_45,agent_5
agent_45,agent_15
agent_47,agent_39
agent_48,agent_13
agent_48,agent_49
agent_49,agent_1
agent_49,agent_44
agent_0,agent_15
agent_1,agent_23
agent_1,agent_47
agent_4,agent_27
agent_5,agent_40
agent_5,agent_36
agent_7,agent_14
agent_8,agent_40
agent_9,agent_36
agent_9,agent_23
agent_10,agent_3
agent_12,agent_17
agent_13,agent_36
agent_14,agent_20
agent_14,agent_17
agent_17,agent_9
agent_17,agent_1
agent_19,agent_23
agent_19,agent_25
agent_20,agent_14
agent_21,agent_39
agent_22,agent_12
agent_24,agent_5
agent_24,agent_3
agent_25,agent_42
agent_25,agent_13
agent_26,agent_12
agent_27,agent_7
agent_28,agent_13
agent_28,agent_12
agent_29,agent_16
agent_30,agent_17
agent_32,agent_37
agent_33,agent_14
agent_33,agent_35
agent_34,agent_10
agent_34,agent_28
agent_36,agent_45
agent_37,agent_9
agent_37,agent_32
agent_38,agent_13
agent_41,agent_21
agent_41,agent_38
agent_42,agent_38
agent_42,agent_0
agent_43,agent_11
agent_43,agent_42
agent_44,agent_42
agent_45,agent_0
agent_46,agent_4
agent_47,agent_8
agent_47,agent_26
agent_48,agent_19
agent_49,agent_22
agent_49,agent_28
agent_0,agent_49
agent_0,agent_18
agent_1,agent_34
agent_1,agent_7
agent_3,agent_29
agent_3,agent_48
agent_4,agent_1
agent_5,agent_20
agent_7,agent_6
agent_8,agent_1
agent_8,agent_4
agent_10,agent_49
agent_10,agent_12
agent_12,agent_8
agent_13,agent_17
agent_13,agent_46
agent_14,agent_34
agent_14,agent_25
agent_15,agent_18
agent_16,agent_29
agent_17,agent_9
agent_17,agent_4
agent_19,agent_5
agent_19,agent_38
agent_20,agent_39
agent_21,agent_36
agent_22,agent_32
agent_23,agent_20
agent_25,agent_0
agent_29,agent_47
agent_29,agent_39
agent_30,agent_21
agent_30,agent_40
agent_31,agent_42
agent_33,agent_15
agent_33,agent_6
agent_34,agent_32
agent_34,agent_33
agent_35,agent_17
agent_36,agent_47
agent_36,agent_38
agent_38,agent_23
agent_38,agent_4
agent_40,agent_33
agent_40,agent_26
agent_42,agent_22
agent_42,agent_20
agent_47,agent_7
agent_47,agent_21
agent_48,agent_15
agent_48,agent_26
agent_0,agent_17
agent_0,agent_1
agent_3,agent_32
agent_5,agent_17
agent_5,agent_15
agent_6,agent_30
agent_9,agent_15
agent_9,agent_3
agent_10,agent_3
agent_10,agent_36
agent_11,agent_9
agent_12,agent_38
agent_12,agent_32
agent_13,agent_10
agent_14,agent_4
agent_15,agent_25
agent_15,agent_32
agent_16,agent_42
agent_17,agent_9
agent_18,agent_7
agent_18,agent_1
agent_19,agent_38
agent_24,agent_30
agent_24,agent_21
agent_27,agent_41
agent_27,agent_32
agent_29,agent_3
agent_29,agent_18
agent_30,agent_20
agent_31,agent_36
agent_31,agent_40
agent_32,agent_9
agent_32,agent_4
agent_33,agent_13
agent_33,agent_45
agent_34,agent_12
agent_36,agent_6
agent_36,agent_2
agent_37,agent_12
agent_37,agent_47
agent_38,agent_9
agent_39,agent_37
agent_40,agent_46
agent_40,agent_18
agent_41,agent_9
agent_43,agent_49
agent_44,agent_11
agent_45,agent_40
agent_45,agent_7
agent_48,agent_24
agent_48,agent_8
agent_49,agent_19
agent_4,agent_5
agent_4,agent_41
agent_6,agent_11
agent_7,agent_4
agent_8,agent_11
agent_8,agent_46
agent_9,agent_31
agent_10,agent_1
agent_11,agent_38
agent_11,agent_31
agent_12,agent_44
agent_13,agent_26
agent_14,agent_7
agent_15,agent_2
agent_15,agent_7
agent_16,agent_4
agent_16,agent_6
agent_17,agent_27
agent_17,agent_43
agent_18,agent_5
agent_19,agent_3
agent_19,agent_21
agent_20,agent_15
agent_23,agent_9
agent_23,agent_17
agent_25,agent_22
agent_26,agent_30
agent_26,agent_40
agent_27,agent_36
agent_27,agent_11
agent_34,agent_35
agent_34,agent_11
agent_35,agent_0
agent_38,agent_37
agent_38,agent_12
agent_39,agent_13
agent_40,agent_29
agent_41,agent_23
agent_41,agent_7
agent_42,agent_40
agent_45,agent_43
agent_45,agent_21
agent_46,agent_29
agent_47,agent_17
agent_47,agent_30
agent_48,agent_10
agent_48,agent_1
agent_49,agent_0
agent_2,agent_45
agent_3,agent_15
agent_3,agent_40
agent_4,agent_43
agent_5,agent_4
agent_5,agent_35
agent_7,agent_26
agent_8,agent_18
agent_8,agent_42
agent_9,agent_4
agent_9,agent_43
agent_10,agent_7
agent_10,agent_12
agent_12,agent_25
agent_13,agent_36
agent_14,agent_24
agent_15,agent_38
agent_15,agent_26
agent_16,agent_6
agent_17,agent_33
agent_17,agent_13
agent_19,agent_42
agent_19,agent_37
agent_20,agent_38
agent_21,agent_1
agent_21,agent_49
agent_22,agent_32
agent_22,agent_46
agent_23,agent_41
agent_25,agent_3
agent_25,agent_28
agent_26,agent_16
agent_26,agent_18
agent_28,agent_31
agent_28,agent_13
agent_29,agent_28
agent_29,agent_42
agent_31,agent_49
agent_34,agent_14
agent_36,agent_40
agent_36,agent_17
agent_40,agent_48
agent_40,agent_2
agent_42,agent_44
agent_42,agent_1
agent_43,agent_26
agent_44,agent_32
agent_47,agent_11
agent_47,agent_1
agent_49,agent_3
agent_49,agent_27
agent_0,agent_25
agent_1,agent_5
agent_1,agent_3
agent_2,agent_35
agent_4,agent_1
agent_4,agent_0
agent_5,agent_25
agent_6,agent_30
agent_6,agent_39
agent_7,agent_22
agent_8,agent_17
agent_11,agent_16
agent_13,agent_16
agent_16,agent_47
agent_19,agent_45
agent_19,agent_42
agent_20,agent_36
agent_21,agent_9
agent_21,agent_30
agent_24,agent_40
agent_25,agent_20
agent_25,agent_11
agent_26,agent_7
agent_26,agent_45
agent_28,agent_33
agent_29,agent_12
agent_29,agent_30
agent_31,agent_12
agent_32,agent_8
agent_34,agent_47
agent_35,agent_2
agent_38,agent_7
agent_38,agent_0
agent_39,agent_7
agent_39,agent_14
agent_41,agent_4
agent_42,agent_2
agent_43,agent_25
agent_44,agent_12
agent_48,agent_2
agent_49,agent_12
agent_1,agent_4
agent_1,agent_46
agent_2,agent_40
agent_3,agent_44
agent_3,agent_29
agent_4,agent_28
agent_6,agent_7
agent_6,agent_42
agent_7,agent_19
agent_7,agent_12
agent_8,agent_23
agent_8,agent_37
agent_9,agent_17
agent_12,agent_42
agent_13,agent_41
agent_14,agent_36
agent_15,agent_25
agent_15,agent_42
agent_16,agent_6
agent_16,agent_32
agent_17,agent_46
agent_17,agent_0
agent_18,agent_47
agent_18,agent_1
agent_19,agent_40
agent_19,agent_13
agent_20,agent_24
agent_20,agent_5
agent_21,agent_45
agent_21,agent_39
agent_22,agent_9
agent_24,agent_36
agent_24,agent_21
agent_26,agent_34
agent_26,agent_37
agent_27,agent_40
agent_29,agent_12
agent_29,agent_47
agent_32,agent_17
agent_32,agent_8
agent_33,agent_8
agent_33,agent_5
agent_35,agent_23
agent_35,agent_7
agent_37,agent_5
agent_37,agent_12
agent_38,agent_6
agent_38,agent_32
agent_39,agent_36
agent_40,agent_2
agent_40,agent_4
agent_43,agent_0
agent_43,agent_42
agent_44,agent_40
agent_45,agent_15
agent_47,agent_2
agent_48,agent_15
agent_1,agent_14
agent_3,agent_10
agent_3,agent_12
agent_4,agent_6
agent_5,agent_33
agent_5,agent_0
agent_6,agent_20
agent_7,agent_46
agent_8,agent_11
agent_9,agent_27
agent_9,agent_49
agent_10,agent_1
agent_11,agent_43
agent_11,agent_19
agent_12,agent_35
agent_13,agent_18
agent_13,agent_23
agent_14,agent_44
agent_15,agent_40
agent_16,agent_7
agent_20,agent_48
agent_20,agent_22
agent_22,agent_49
agent_22,agent_13
agent_23,agent_9
agent_23,agent_48
agent_25,agent_27
agent_26,agent_17
agent_28,agent_18
agent_31,agent_11
agent_31,agent_20
agent_33,agent_49
agent_34,agent_0
agent_34,agent_49
agent_35,agent_28
agent_36,agent_18
agent_36,agent_14
agent_37,agent_9
agent_37,agent_3
agent_38,agent_31
agent_38,agent_22
agent_39,agent_12
agent_40,agent_33
agent_40,agent_25
agent_46,agent_7
agent_46,agent_43
agent_47,agent_0
agent_47,agent_34
agent_0,agent_18
agent_2,agent_38
agent_2,agent_23
agent_3,agent_29
agent_4,agent_7
agent_4,agent_38
agent_7,agent_18
agent_7,agent_35
agent_10,agent_19
agent_10,agent_8
agent_12,agent_30
agent_14,agent_13
agent_16,agent_35
agent_16,agent_42
agent_18,agent_34
agent_18,agent_10
agent_19,agent_2
agent_20,agent_17
agent_20,agent_49
agent_21,agent_40
agent_23,agent_29
agent_25,agent_24
agent_25,agent_31
agent_27,agent_17
agent_27,agent_43
agent_29,agent_8
agent_29,agent_19
agent_30,agent_1
agent_30,agent_47
agent_31,agent_44
agent_31,agent_9
agent_32,agent_38
agent_32,agent_13
agent_33,agent_46
agent_33,agent_48
agent_38,agent_24
agent_39,agent_18
agent_39,agent_24
agent_40,agent_46
agent_40,agent_19
agent_41,agent_13
agent_41,agent_3
agent_43,agent_1
agent_43,agent_32
agent_44,agent_37
agent_45,agent_41
agent_45,agent_1
agent_47,agent_49
agent_48,agent_49
agent_48,agent_46
agent_49,agent_16
agent_0,agent_17
agent_1,agent_3
agent_1,agent_7
agent_2,agent_40
agent_4,agent_1
agent_5,agent_25
agent_6,agent_47
agent_7,agent_49
agent_10,agent_9
agent_10,agent_45
agent_11,agent_28
agent_12,agent_18
agent_13,agent_23
agent_15,agent_1
agent_15,agent_49
agent_16,agent_7
agent_17,agent_29
agent_17,agent_26
agent_18,agent_43
agent_19,agent_41
agent_20,agent_17
agent_21,agent_20
agent_21,agent_19
agent_25,agent_7
agent_27,agent_44
agent_30,agent_7
agent_30,agent_29
agent_32,agent_40
agent_32,agent_7
agent_33,agent_39
agent_33,agent_17
agent_34,agent_43
agent_35,agent_13
agent_35,agent_4
agent_36,agent_8
agent_36,agent_21
agent_38,agent_6
agent_39,agent_17
agent_39,agent_37
agent_40,agent_31
agent_42,agent_35
agent_43,agent_7
agent_44,agent_7
agent_45,agent_17
agent_45,agent_13
agent_46,agent_8
agent_47,agent_25
agent_47,agent_38
agent_48,agent_7
agent_49,agent_45
agent_49,agent_6
agent_1,agent_19
agent_2,agent_24
agent_4,agent_37
agent_4,agent_11
agent_7,agent_42
agent_9,agent_4
agent_9,agent_14
agent_10,agent_37
agent_10,agent_0
agent_13,agent_18
agent_13,agent_46
agent_14,agent_15
agent_15,agent_29
agent_17,agent_33
agent_17,agent_18
agent_19,agent_9
agent_21,agent_33
agent_22,agent_26
agent_22,agent_15
agent_23,agent_12
agent_24,agent_33
agent_26,agent_3
agent_26,agent_25
agent_28,agent_18
agent_28,agent_0
agent_29,agent_45
agent_29,agent_17
agent_30,agent_1
agent_31,agent_38
agent_31,agent_16
agent_32,agent_36
agent_32,agent_7
agent_33,agent_46
agent_34,agent_40
agent_35,agent_21
agent_35,agent_13
agent_36,agent_28
agent_36,agent_10
agent_39,agent_16
agent_40,agent_9
agent_41,agent_11
agent_42,agent_36
agent_43,agent_18
agent_43,agent_25
agent_44,agent_45
agent_45,agent_29
agent_45,agent_27
agent_47,agent_40
agent_47,agent_28
agent_48,agent_6
agent_49,agent_29
agent_49,agent_4
agent_3,agent_40
agent_3,agent_23
agent_5,agent_44
agent_5,agent_1
agent_7,agent_1
agent_7,agent_14
agent_9,agent_40
agent_10,agent_5
agent_10,agent_28
agent_11,agent_40
agent_11,agent_42
agent_12,agent_34
agent_12,agent_0
agent_13,agent_11
agent_14,agent_24
agent_14,agent_27
agent_15,agent_36
agent_15,agent_6
agent_16,agent_29
agent_16,agent_9
agent_17,agent_44
agent_17,agent_5
agent_19,agent_29
agent_20,agent_24
agent_21,agent_23
agent_21,agent_28
agent_24,agent_1
agent_24,agent_17
agent_25,agent_33
agent_26,agent_23
agent_28,agent_38
agent_30,agent_12
agent_30,agent_29
agent_32,agent_29
agent_33,agent_40
agent_33,agent_43
agent_34,agent_9
agent_35,agent_39
agent_35,agent_10
agent_36,agent_13
agent_37,agent_47
agent_38,agent_19
agent_39,agent_20
agent_39,agent_27
agent_40,agent_18
agent_41,agent_25
agent_41,agent_11
agent_43,agent_24
agent_45,agent_44
agent_46,agent_17
agent_46,agent_12
agent_49,agent_9
agent_49,agent_12
agent_0,agent_41
agent_1,agent_43
agent_4,agent_39
agent_6,agent_28
agent_6,agent_47
agent_9,agent_46
agent_10,agent_42
agent_10,agent_37
agent_11,agent_0
agent_11,agent_20
agent_13,agent_22
agent_14,agent_36
agent_14,agent_40
agent_16,agent_7
agent_16,agent_35
agent_17,agent_18
agent_19,agent_9
agent_20,agent_19
agent_20,agent_7
agent_23,agent_12
agent_24,agent_4
agent_24,agent_21
agent_26,agent_40
agent_26,agent_27
agent_27,agent_47
agent_29,agent_7
agent_30,agent_0
agent_31,agent_7
agent_31,agent_37
agent_33,agent_47
agent_33,agent_48
agent_34,agent_29
agent_35,agent_42
agent_35,agent_11
agent_38,agent_40
agent_38,agent_7
agent_39,agent_25
agent_40,agent_44
agent_40,agent_20
agent_43,agent_34
agent_43,agent_38
agent_45,agent_38
agent_46,agent_5
agent_48,agent_17
agent_48,agent_37
agent_49,agent_14
